{
  "formatVersion": 1,
  "database": {
    "version": 1,
    "identityHash": "7e795ce7c60545014232ad725936b652",
    "entities": [
      {
        "tableName": "course",
        "createSql": "CREATE TABLE IF NOT EXISTS `${TABLE_NAME}` (`id` INTEGER PRIMARY KEY AUTOINCREMENT NOT NULL, `courseName` TEXT NOT NULL, `day` INTEGER NOT NULL, `startTime` TEXT NOT NULL, `endTime` TEXT NOT NULL, `lecturer` TEXT NOT NULL, `note` TEXT NOT NULL)",
        "fields": [
          {
            "fieldPath": "id",
            "columnName": "id",
            "affinity": "INTEGER",
            "notNull": true
          },
          {
            "fieldPath": "courseName",
            "columnName": "courseName",
            "affinity": "TEXT",
            "notNull": true
          },
          {
            "fieldPath": "day",
            "columnName": "day",
            "affinity": "INTEGER",
            "notNull": true
          },
          {
            "fieldPath": "startTime",
            "columnName": "startTime",
            "affinity": "TEXT",
            "notNull": true
          },
          {
            "fieldPath": "endTime",
            "columnName": "endTime",
            "affinity": "TEXT",
            "notNull": true
          },
          {
            "fieldPath": "lecturer",
            "columnName": "lecturer",
            "affinity": "TEXT",
            "notNull": true
          },
          {
            "fieldPath": "note",
            "columnName": "note",
            "affinity": "TEXT",
            "notNull": true
          }
        ],
        "primaryKey": {
          "columnNames": [
            "id"
          ],
          "autoGenerate": true
        },
        "indices": [],
        "foreignKeys": []
      }
    ],
    "views": [],
    "setupQueries": [
      "CREATE TABLE IF NOT EXISTS room_master_table (id INTEGER PRIMARY KEY,identity_hash TEXT)",
      "INSERT OR REPLACE INTO room_master_table (id,identity_hash) VALUES(42, '7e795ce7c60545014232ad725936b652')"
    ]
  }
}
